{
	"name": "Valentine Hidden Heart",
	"short_name": "Valentine Hidden Heart",
	"description": "",
	"start_url": "index.html",
	"display": "fullscreen",
	"orientation": "landscape",
	"background_color": "#ffffff",
	"icons": [
		{
			"src": "icons/icon-16.png",
			"sizes": "16x16",
			"type": "image/png"
		},
		{
			"src": "icons/icon-32.png",
			"sizes": "34x34",
			"type": "image/png"
		},
		{
			"src": "icons/icon-64.png",
			"sizes": "66x66",
			"type": "image/png"
		},
		{
			"src": "icons/icon-128.png",
			"sizes": "130x130",
			"type": "image/png"
		},
		{
			"src": "icons/icon-512.png",
			"sizes": "512x512",
			"type": "image/png"
		}
	]
}